,doi,note,title
0,['10.1016/j.jhazmat.2012.09.001'],[],Phenomenological and Spectroscopic Analysis on the Effects of Sediment Ageing and Organic Carbon on the Fate of a PCB Congener Spiked to Sediment
1,"['10.1039/C3CC90365F', '10.1039/c2cc32392c']",['Multiple results'],Stereo- and regio-selective one-pot synthesis of triazole-based unnatural amino acids and β- amino triazoles
2,['10.3109/17435390.2013.858794'],[],Effects of single-walled carbon nanotubes on the bioavailability of PCBs in field-contaminated sediments
3,[],['No results'],Chemical and Hormonal effects on STAT5b-dependent Sexual Dimorphism of the Liver Transcriptome in a Mouse Liver Gene Expression Compendium
4,['10.1289/ehp.1104709'],[],Profiling Environmental Chemicals for Activity in the Antioxidant Response Element Signaling Pathway Using a High-Throughput Screening Approach
5,['10.1016/j.neuro.2011.11.005'],[],"Developmental Thyroid Hormone Disruption: Prevalence, Environmental Contaminants and Neurodevelopmental Consequences"
6,[],['No results'],Chemical-gene interaction networks and causal reasoning for biological effects  prediction and prioritization of contaminants for environmental monitoring and  surveillance
7,['10.1002/etc.2041'],[],Enantioselective toxicity and bioaccumulation of fipronil in fathead minnows Pimephales promelas following water and sediment exposures
8,[],['No results'],A Multi-Reporter Mouse Enables a Simultaneous Assessment of Multiple Gene Regulatory Pathways in Vivo
9,[],['No results'],Scientific and Regulatory Policy Committee SRPC Review: Interpretation and Use of Cell Proliferation Data in Cancer Risk Assessment
10,['10.1093/carcin/bgv057'],[],Latent carcinogenicity of early-life exposure to dichloroacetic acid in mice
11,[],['No results'],Coupling in vitro and in vivo  neurochemical-based  assessments of 1 wastewater  effluents from the  Maumee River area of concern
12,[],['No results'],Distinct Effects of Humic Acid on Transport and Retention of TiO2 Rutile Nanoparticles in Saturated Sand Columns
13,[],['No results'],Hepatic clearance of 6 polyaromatic aromatic hydrocarbons by isolated trout livers:  Prediction from in vitro clearance by liver S9 fractions
14,[],['No results'],A pharmacokinetic model of cis- and trans-permethrin disposition in rats andhumans with aggregate exposure application
15,['10.1039/c2cc32894a'],[],A modular synthesis of dithiocarbamate pendant unnatural α-amino acids
16,['10.1002/etc.2151'],[],Cross-Species Conservation of Endocrine Pathways: A Critical Analysis of  Tier 1 Fish and Rat Screening Assays with 12 Model Chemicals
17,['10.3109/10408444.2013.835784'],[],Mode of action framework analysis for receptor-mediated toxicity: the Peroxisome Proliferator-Activated Receptor alpha PPARα as a case study
18,['10.1021/sc4000362'],[],"Greener Techniques for the Synthesis of Silver Nanoparticles Using Plant Extracts, Enzymes, Bacteria, Biodegradable Polymers, and Microwaves"
19,['10.1088/1752-7155/6/3/039001'],[],"Breath Analysis Science at PittCon 2012, Orlando, Florida"
20,['10.1016/j.tetlet.2013.01.029'],[],Mixing with microwaves: solvent-free and catalyst-free synthesis of pyrazoles and diazepines
21,['10.1016/j.chemosphere.2014.03.116'],[],Silver speciation and release in commercial antimicrobial textiles as influenced by washing
22,['10.1093/toxsci/kft068'],[],Developing predictive approaches to characterize adaptive responses of the reproductive endocrine axis to aromatase inhibition: I. Data generation in a small fish model
23,['10.1177/0192623312474865'],[],"STP Position Paper: Recommended Practices for Sampling and Processing the Nervous System Brain, Spinal Cord, Nerve, and Eye during Nonclinical General Toxicity Studies"
24,['10.1093/pcp/pcs064'],[],Arabidopsis GUX Proteins Are Glucuronyltransferases Responsible for the Addition of Glucuronic Acid Side Chains onto Xylan
25,['10.1021/es303170u'],[],"Application of a label-free, gel-free quantitative proteomics method for ecotoxicological studies of small fish species"
26,['10.1177/0192623312464437'],[],DNA Reactivity as a Mode of Action and Its Relevance to Cancer Risk Assessment
27,['10.1039/c2gc35673b'],[],A simple and facile Heck-type arylation of alkenes with diaryliodonium salts using magnetically recoverable Pd-catalyst
28,['10.1016/j.yrtph.2013.03.012'],[],"A Framework for ""Fit for Purpose"" Dose Response Assessment"
29,[],['No results'],Modulation of the Efflux Transporter P-glycoprotein by Pesticides and Their CYP450 Metabolites: Implications for Exposure Assessment
30,[],['No results'],Solvent-free and catalyst-free chemistry – A benign pathway to sustainability
31,['10.1002/0471140856.tx1410s53'],[],Assessment of metabolic stability using  the rainbow trout Oncorhynchus mykiss liver S9 fraction
32,[],['No results'],Nano-catalysts: Key to the Greener Pathways Leading to Sustainability
33,['10.1021/es2033857'],[],Providing the Missing Link: the Exposure Science Ontology ExO
34,['10.1016/j.neuro.2012.08.008'],[],Magnetic Resonance Imaging and Volumetric Analysis: Novel Tools to Study Thyroid Hormone Disruption and Its Effect on White Matter Development
35,[],['No results'],Analysis of NHANES Measured Blood PCBs in the General U.S. Population andApplication of SHEDS Model to Identify Key Exposure Factors
36,['10.1007/s00244-013-9934-0'],[],"Exposure and effects of perfluoroalkyl substances in tree swallows nesting in Minnesota and Wisconsin, USA"
37,['10.1530/REP-12-0266'],[],NOVEL MOLECULAR TARGETS ASSOCIATED WITH TESTICULAR DYSGENESIS INDUCED BY GESTATIONAL EXPOSURE TO DIETHYLHEXYL PHTHALATE IN THE RAT: A ROLE FOR ESTRADIOL
38,[],['No results'],Influence of Poly Ethylene Glycol and Oleylamine on the Formation of Nano to Micron Size Spherical SiO2 Particles
39,[],['No results'],Examining the efficiency of muffle furnance-induced alkaline hydrolysis in determining the titanium content of environmental samples containing engineered titanium dioxide particles
40,[],['No results'],The impact of endocrine disruptors and hormonal drugs on the entire nuclear receptor superfamily profiled in a single cellular assay
41,['10.1016/j.tiv.2013.07.005'],[],"Investigating Oxidative Stress and Inflammatory Responses Elicited by Silver Nanoparticles Using High-Throughput Reporter Genes in HepG2 Cells: Effect of Size, Surface Coating, and Intracellular Uptake"
42,['10.1007/s11051-012-1087-y'],[],Characterization of Carbon Nano-Onions for Heavy Metal Ion Remediation
43,[],['No results'],A Two and Half-Year-Performance Evaluation of a Field Test on Treatment of Source Zone Tetrachloroethene and Its Chlorinated Daughter Products Using Emulsified Zaro Valent Iron Nanoparticles
44,['10.1021/es300883q'],[],Influence of Collector Surface Composition and Water Chemistry on the Deposition of Cerium Dioxide Nanoparticles: QCM-D and Column Experiment Approaches
45,['10.1002/etc.1978'],[],Comparison of nanosilver and ionic silver toxicity in Daphnia magna and Pimephales promelas
46,['10.1039/c3gc40457a'],[],Magnetite-supported sulfonic acid: a retrievable nanocatalyst for Ritter reaction
47,[],['No results'],Transformation of Four Silver/Silver Chloride Nanoparticles during Anaerobic Treatment of Wastewater and Post-processing of Sewage Sludge
48,[],['No results'],Tsuji-Trost N-allylation with allylic acetates using cellulose-Pd catalyst
49,[],['No results'],ToxPi GUI: An interactive visualization tool for transparent integrationof data from diverse sources of evidence
50,[],['No results'],Effects of humic and fulvic acids on aggregation of aqu/nC60 nanoparticles
51,['10.1039/c2em30625e'],[],Effects of dominant material properties on the stability and transport of TiO2 nanoparticles and carbon nanotubes in aquatic environment: From synthesis to fate
52,[],['No results'],"Alternatives to in vivo tests to detect endocrine disrupting chemicals EDCs in fish and amphibians – interactions with estrogens, androgens, and thyroid hormones"
53,['10.1002/etc.2972'],[],"Linking mechanistic toxicology to population models in forecasting recovery from chemical stress: A case study from Jackfish Bay, Ontario, Canada"
54,['10.1002/etc.2186'],[],Use of gene expression data to determine effects on gonad phenotype in Japanese medaka after exposure to trenbolone or estradiol
55,[],['No results'],A Rapid Screen Technique for Estimating Nanoparticle Transport in Porous Media
56,['10.1289/ehp.1205784'],[],Improving the Human Hazard Characterization of Chemicals: A Tox21 Update
57,[],['No results'],Speedy fabrication of diameter-controlled Ag nanowires using glycerolunder microwave irradiation conditions
58,['10.1039/c2ra22143h'],[],First application of core-shell Ag@Ni magnetic nanocatalyst for transfer hydrogenation reactions of aromatic nitro and carbonyl compounds
59,[],['No results'],Towards sustainable environmental quality: A call to prioritize global research needs
60,['10.1021/sc500237k'],[],"Synthesis of Silver and Gold Nanoparticles Using Antioxidants from Blackberry, Blueberry, Pomegranate and Turmeric Extracts"
61,[],['No results'],"IronII,III-polyphenol complex nanoparticles derived from green tea exhibit a high ecotoxicological hazard"
62,['10.1002/ejoc.201201313'],[],One-pot Catalyst-free Synthesis of β- and γ-Hydroxy Sulfides Using Diaryliodonium Salts and Microwaves
63,[],['No results'],Beet Juice-induced Green Fabrication of Plasmonic AgCl/Ag Nanoparticles: Unusual Top-down Hydrothermal Synthesis
64,['10.1021/tx400310w'],[],Development of a thyroperoxidase inhibition assay for high-throughput screening
65,['10.1093/toxsci/kft228'],[],Cumulative Risk:  Toxicity and Interactions of Physical and Chemical Stressors
66,['10.1016/j.matlet.2013.05.103'],[],Synthesis of mesoporous nano-hydroxyapatite by using zwitterions surfactant
67,[],['No results'],Photocatalytic ROS production and phototoxicity of titanium dioxide nanoparticles is dependent on solar UV radiation spectrum
68,['10.1093/toxsci/kft010'],[],Propiconazole inhibits steroidogenesis and reproduction in the fathead minnow Pimephales promelas
69,[],['No results'],Changes in silver nanoparticles exposed to human synthetic stomach fluid: Effectsof particle size and surface chemistry
70,['10.1371/journal.pone.0046579'],[],Fishy aroma of social status: Urinary chemo-signaling of territoriality in male fathead minnows Pimephales promelas
71,['10.1021/ci300338w'],[],Does Rational Selection of Training and Test Sets Improve the Outcome of QSAR Modeling
72,['10.1039/c2cc32566g'],[],A facile one-pot synthesis of ruthenium hydroxide nanoparticles on magnetic silica: Aqueous hydration of nitriles to amides
73,['10.1016/j.envpol.2013.10.011'],[],Silicon Impurity Release and Surface Transformation of TiO2 Anatase and Rutile Nanoparticles in Water Environments
74,['10.1289/ehp.1409450'],[],A Workflow to Investigate Exposure and Pharmacokinetic Influences on High-Throughput in Vitro Chemical Screening Based on Adverse Outcome Pathways
75,['10.1189/jlb.0212082'],[],Magnitude Of Stimulation Dictates The Cannabinoid-Mediated Differential T Cell Response To HIVgp120
76,[],['No results'],"INTEGRATION of Microscopic, macroscopic Ionization pKa, Zwitterions, Hydration and Tautomer Equilibrium Constants"
77,[],['No results'],Magnetically recyclable magnetite-ceria Nanocat-Fe-Ce nanocatalysts - applications in multicomponent reactions under benign conditions
78,[],['No results'],"""Green"" synthesized and coated nanaosilver alters the membrance permeability of barrier intestinal, brain, endothelial cells and stimulates oxidative stress pathways in neurons."
79,[],['No results'],Designing Sustainable Supply Chains Journal Article
80,[],['No results'],Towards improved models for predicting bioconcentration of well-metabolized compounds by rainbow trout using measured rates of in vitro intrinsic clearance
81,[],['No results'],Highly efficient one-pot three-component synthesis of naphthopyran derivatives in water catalyzed by hydroxyapatite
82,[],['No results'],Nano-magnetite Fe3O4as a support for recyclable catalysts in the development of sustainable methodologies
83,['10.1016/j.scitotenv.2013.04.051'],[],Comparison of Modeling Approaches to Prioritize Chemicals Based on Estimates of Exposure and Exposure Potential
84,[],['No results'],Expeditious organic–free assembly: morphologically controlled synthesis of iron oxides using microwaves
85,['10.1016/j.neuro.2013.02.006'],[],Evaluation of Microelectrode Array Data using Bayesian Modeling as an Approach to Screening and Prioritization for Neurotoxicity Testing*
86,['10.1021/sc400032k'],[],Magnetic Silica-Supported Ruthenium Nanoparticles: An Efficient Catalyst for Transfer Hydrogenation of Carbonyl Compounds
87,['10.1021/acs.est.5b03686'],[],Abiotic Hydrolysis of Fluorotelomer-Based Polymers as a Source of Perfluorocarboxylates at the Global Scale
88,['10.1021/sc400007p'],[],"Green synthesis of noble nanometals Au, Pt, Pd using glycerol under microwave irradiation conditions"
89,['10.1002/etc.2174'],[],Bioaccumulation and Toxicity of Single-Walled Carbon Nanotubes to Benthic Organisms at the Base of the Marine Food Chain
90,['10.1016/j.tox.2013.02.016'],[],Testing for departures from additivity in mixtures of perfluoroalkyl acids PFAAs
91,['10.1016/j.neuro.2012.10.013'],[],USE OF HIGH CONTENT IMAGE ANALYSES TO DETECT CHEMICAL-MEDIATED EFFECTS ON NEURITE SUB-POPULATIONS IN PRIMARY RAT CORTICAL NEURONS
92,['10.1155/2013/978541'],[],"Nanomaterials Synthesis, Applications, and Toxicity 2012"
93,['10.1039/c4gc00558a'],[],Magnetically recyclable magnetite-palladium Nanocat-Fe-Pd nanocatalyst for the Buchwald-Hartwig reaction
94,['10.2174/13852728113179990041'],[],Supported Ruthenium Catalysts for Sustainable Flow Chemistry
95,['10.1289/ehp.1408504'],[],Developmental Exposure to A Commercial PBDE Mixture: Effects on Protein Networks in the Cerebellum and Hippocampus of Rats
96,"['10.1039/b603997a', '10.1039/c2gc16341a', '10.1108/14676370910945936', '10.1021/ed400393b', '10.1021/ed200666v', '10.1039/c5gc02277k', '10.1021/ed200649h', '10.1007/s11743-009-1119-5', '10.1351/PAC-CON-13-02-05', '10.1007/128_060', '10.1016/j.chemosphere.2014.03.119', '10.1146/annurev-environ-032009-095500', '10.1089/ind.2011.1003', '10.1002/9780470988305.ch2', '10.1039/b604483m', '10.1146/annurev.matsci.35.102003.140852', '10.1021/ed200759r']",['Multiple results'],Greener and Sustainable Chemistry
97,['10.1002/jbt.21798'],[],Differential genomic effects of six different TiO2 nanomaterials on human liver HepG2 cells
98,[],['No results'],Enantiomer specific measurements of current-use pesticides in aquatic systems
99,['10.1016/j.neuroscience.2012.11.022'],[],Developmental thyroid hormone insufficiency and brain development: A role for brain-derived neurotrophic factor BDNF*
100,[],['No results'],Microwave Technology-Chemical Synthesis Applications
101,['10.1890/12-1166.1'],[],Hidden Markov models for estimating animal mortality from anthropogenic hazards
102,['10.1021/acs.est.5b03379'],[],Identification of Unsaturated and 2H Polyfluorocarboxylate Homologous Series and Their Detection in Environmental Samples and as Polymer Degradation Products
103,[],['No results'],Cross-species analysis of thyroperoxidase inhibition by xenobiotics demonstrates conservation of res ponse between pig and rat
104,['10.1124/dmd.115.068957'],[],Age-Dependent Human Hepatic Carboxylesterase 1 CES1 and Carboxylesterase 2 CES2 Postnatal Ontogeny
105,[],['No results'],"Beet juice utilization: Expeditious green synthesis of nobel metal nanoparticles Ag, Au, Pt, and Pd using microwaves"
106,[],['No results'],VERUCLAY – a new type of photo-adsorbent active in the visible light range: modification of montmorillonite surface with organic surfactant
107,['10.1016/j.reprotox.2012.12.001'],[],The effect of triclosan on the uterotrophic response to extended doses of ethinyl estradiol in the weanling rat
108,['10.1039/c3gc40401c'],[],Copper on Chitosan: recyclable heterogeneous catalyst for azide-alkyne cycloaddition reactions
109,['10.1016/j.jhydrol.2014.09.053'],[],Laboratory Assessment of the Mobility of Water-Dispersed Engineered Nanoparticles in a Red Soil Ultisol
110,[],['No results'],Development of a Multianalyte Enzyme-Linked Immunosorbent Assay for Permethrin and Aroclors and Its Implementation for Analysis of Soil/Sediment and House Dust ExtractsExtracts
111,['10.1021/ci400267h'],[],Prediction of aquatic toxicity mode of action using linear discriminant and random forest models
112,['10.3109/10408444.2010.529105'],[],"Exposure, Health and Ecological Effects Review of Engineered Nanoscale Cerium and Cerium Oxide Associated with its Use as a Fuel Additive"
113,['10.1021/es301487s'],[],Fate of Zinc Oxide Nanoparticles during Anaerobic Digestion of Wastewater and Post-Treatment Processing of Sewage Sludge
114,['10.1002/wnan.1216'],[],Assessing nanoparticle risk poses prodigious challenges
115,"['10.1021/es405531h', '10.1021/es400483k', '10.1021/es404912p']",['Multiple results'],Colloidal Properties and Stability of Graphene Oxide Nanomaterials in the Aquatic Environment
116,[],['No results'],Short Communication: Phototoxicity of TiO2 nanoparticles to zebrafish Danio reriois dependent on life stage
117,['10.1093/annhyg/met008'],[],The Future of Exposure Assessment: Perspectives from the X2012 Conference
118,[],['No results'],PEROXISOME PROLIFERATOR-ACTIVATED RECEPTORα PPARα AGONISTS DIFFERENTIALLY REGULATE INHIBITOR OF DNA BINDING ID2 EXPRESSION IN RODENTS AND HUMAN CELLS
119,[],['No results'],Fate and transport of elemental copper Cu0 nanoparticles through saturated porous media in the presence of organic materials
120,[],['No results'],"Sensitivity of species to chemicals: dose-response characteristics for various test types coldbloodedLC50, cold-blooded LR50 and warm-blooded LD50 and modes of action"
121,[],['No results'],REPRODUCTIVE TOXICOLOGY Computational Modeling and Simulation of Genital Tubercle Development
122,['10.1002/etc.2403'],[],Investigating Alternatives to the Fish Early Life-Stage Test: A Strategy for Discovering and Annotating Adverse Outcome Pathways for Early Fish Development
123,['10.1093/toxsci/kfs336'],[],Evaluation of iodide deficiency in the lactating rat and pup using a biologically based dose-response model
124,"['10.1002/etc.2249', '10.1080/10629369408028842']",['Multiple results'],Predicting modes of toxic action from chemical structure
125,['10.1016/j.watres.2012.12.042'],[],Travel Distance and Transformation of Injected Emulsified Zerovalent Iron Nanoparticles in the Subsurface During Two and Half Years
126,[],['No results'],Field Treatment of MTBE Contaiminated Groundwater Using Ozone/UV Oxidation
127,[],['No results'],News: Good chemical manufacturing process criteria
128,[],['No results'],Life-Stage Physiologically-Based Pharmacokinetic PBPK Model Application to Screen Environmental Hazards Using Adverse Outcome Pathways AOPs and Environmental Exposure Models.
129,[],['No results'],Catalytic Sorption of ChloroBenzene and Napthalene in Aqueous Solutions by Granular Activated Carbon Supported Bimetallic Iron and Palladium Nanoparticles
130,[],['No results'],"Metabolomics in Toxicology and Preclinical Research, a t4 Workshop Report"
131,[],['No results'],"An inter-laboratory study on the variability in measured concentrations of 17Beta-estradiol, testosterone and 11-ketotestosterone in white sucker: implications and recommendations"
132,[],['No results'],Benign by Design: Alternative Catalyst-free Green Chemical Methodologies in Organic Synthesis
133,[],['No results'],Mixed Matrix Silicone and Fluorosilicone/Zeolite 4A Membranes for Ethanol Dehydration by Pervaporation
134,['10.1016/j.scitotenv.2012.12.037'],[],Determination of multi-walled carbon nanotube bioaccumulation in earthworms measured by a microwave-based detection technique
135,[],['No results'],Differences in Silver Nanoparticle and Ag+ Toxicity to Willow and Hybrid Poplar Trees
136,['10.1088/1752-7155/7/3/036001'],[],Post-operative elimination of sevoflurane anesthetic and hexafluoroisopropanol metabolite in exhaled breath: Pharmacokinetic models for assessing liver function
137,['10.1021/nn302280n'],[],"Effect of Treatment Media on the Agglomeration of Titanium Dioxide Nanoparticles: Impact on Genotoxicity, Cellular Interaction, and Cell Cycle"
138,['10.1016/j.atmosenv.2014.02.021'],[],Experimental Method Development for Estimating Solid-phase Diffusion Coefficients and Material-air Partition Coefficients of SVOCs
139,['10.1016/j.reprotox.2015.04.003'],[],The potential of AOP networks for reproductive and  developmental toxicity assay development
140,[],['No results'],Toxicological Science Toxicokinetic Triage for Environmental Chemicals
141,['10.1021/es4016124'],[],Transport and Retention of Colloids in Porous Media: Does Shape Really Matter
142,['10.1021/es4034638'],[],Evaluating the Environmental Impacts of a Nano-Enhanced Field Emission Display Using Life Cycle Assessment: A Screening-Level Study
143,[],['No results'],Magnetically retrievable quasi homogeneous phase for catalysis
144,"['10.1016/j.tetlet.2014.04.104', '10.1007/s00339-013-8165-6', '10.2174/13852728113179990042']",['Multiple results'],Microwave-assisted Chemical Transformations
145,[],['No results'],Sparking Connections: Toward Better Linkages Between Research and Human Health Policy — An Example with Multiwalled Carbon Nanotubes
146,['10.1002/etc.2123'],[],Potential for metal contamination by direct sonication of nanoparticle suspensions
147,['10.3109/10408444.2012.756455'],[],The Use of Biomonitoring Data in Exposure and Human Health Risk Assessment:  BENZENE CASE STUDY.
148,['10.1039/c2gc36455g'],[],Organic synthesis via magnetic attraction: benign and sustainable protocols using magnetic nanoferrites
149,['10.1002/wnan.1202'],[],Metal-based nanoparticle interactions with the nervous system: The challenge of brain entry and the risk of retention in the organism
150,[],[],Quantifying the effects of pesticide exposure on annual reproductive success of birds
151,[],['No results'],In vitro assessment of neuronal growth and morphology using high content imaging is influenced by media formulation.
152,['10.1088/1752-7155/7/1/017107'],[],Clinical breath analysis: Discriminating between human endogenous compounds and exogenous environmental chemical confounders
153,[],['No results'],A framework for cross-species extrapolation of chemical effects: Application to signaling pathways controlled by estrogen receptor-á
154,['10.1007/s11051-013-1484-x'],[],Influence of pH on the Transport of Silver Nanoparticles in Saturated Porous Media: Laboratory Experiments and Modeling
155,['10.1039/c4gc00774c'],[],Magnetic gold nanocatalyst nanocat-Fe–Au: catalytic applications for the oxidative esterification and hydrogen transfer reactions
156,['10.1021/ci300350r'],[],Estimation of Environment-Related Properties of Chemicals for Design of Sustainable Processes: Development of Group-Contribution+ GC+ Property Models and Uncertainty Analysis
157,['10.1371/journal.pone.0070911'],[],A Decision Analytic Approach to Exposure-Based Chemical Prioritization
158,['10.1021/es305229d'],[],Improving Infant Exposure and Health Risk Estimates: Using Serum Data to Predict Polybrominated Diphenyl Ether Concentrations in Breast Milk
159,['10.1007/s11367-013-0659-0'],[],"Guidance for Product Category Rule Development: Process, Outcome and Next Steps"
160,['10.1080/1062936X.2015.1018939'],[],Comparison of Global and Mode of Action-Based Models for Aquatic Toxicity
161,['10.1002/em.21848'],[],Cellular Interactions and Biological Responses to Titanium Dioxide Nanoparticles in HepG2 and BEAS-2B Cells: Role of Cell Culture Media
162,['10.1080/10937404.2013.853607'],[],Critical Consideration of the Multiplicity of Experimental and Organismic Determinants of Pyrethroid Neurotoxicity: A Proof of Concept
163,['10.1016/j.neuro.2013.11.008'],[],Burst and Principal Components Analyses of MEA Data for 16 Chemicals Describe at Least Three Effects Classes.
164,['10.1039/c3ra45606d'],[],Magnetic Silica Supported Copper: A Modular Approach to Aqueous Ullmann-type Amination of Aryl Halides
165,['10.1021/ac402306f'],[],Evolution of environmental exposure science:  Using breath-borne biomarkers for “discovery” of the human exposome
166,['10.1093/toxsci/kft182'],[],Concordance of Transcriptional and Apical Benchmark Dose Levels for Conazole-Induced Liver Effects in Mice
167,[],['No results'],Sustainable utility of magnetically recyclable nano-catalysts in water: Applications in organic synthesis
168,[],['No results'],Detection of Silver Nanoparticles in Cells by Flow Cytometry Using Light Scattering and Far-red Fluorescence
169,[],['No results'],Evaluation of the Association between Persistent Organic Pollutants POPsand Diabetes in Epidemiological Studies: A National Toxicology Program Workshop Review
170,[],['No results'],Sustainability evaluation of chemical processes for L-Dopa Manufacture based on a framework with three metrics
171,['10.1016/j.chemosphere.2014.03.058'],[],Comparison of TiO2 nanoparticle and graphene-TiO2 nanoparticle composite phototoxicity to Daphnia magna and Oryzias latipes
172,[],['No results'],The Physiochemistry of Capped Nanosilver Predicts Its Biological Activity in Rat Brain Endothelial Cells REBEC4
173,[],[],Selecting surrogate endpoints for estimating pesticide effects on avian reproductive success
174,['10.1002/etc.2331'],[],"Effects of low levels of herbicides on prairie species of the Willamette Valley, Oregon"
175,['10.1093/toxsci/kfu025'],[],Comparative Time Course Profiles of Phthalate Stereoisomers in Mice
176,['10.1016/j.coche.2013.09.004'],[],Silver-based Antibacterial Surfaces for Drinking Water Disinfection-An overview
177,[],['No results'],Copper Modified Magnetic Bimetallic Nano-catalysts Ligand Regulated CatalyticActivity
178,[],['No results'],Nano-catalysts with Magnetic Core: Sustainable Options for Greener Synthesis
179,['10.1007/s00216-013-7330-2'],[],Polyfluorinated substances in abiotic standard reference materials
180,['10.1021/tx400021f'],[],Profiling 976 ToxCast chemicals across 331 enzymatic and receptor signaling assays
181,[],['No results'],Metabolomics for in situ environmental monitoring of surface waters impacted by contaminants from both point and non-point sources
182,[],['No results'],Greener routes to organics and nanomaterials: Sustainable applications of nano-catalysts JA
183,['10.3109/10408444.2013.835786'],[],Mode of Action and Human Relevance Analysis for Nuclear Receptor-Mediated Liver Toxicity:  A Case Study with Phenobarbital as a Model Constitutive Androstane Receptor CAR Activator
184,['10.1080/1062936X.2014.898692'],[],Effects-based chemical category approach for prioritization of low affinity estrogenic chemicals
185,['10.1016/j.watres.2013.07.034'],[],Release of Phosphorous Impurity from TiO2 Anatase and Rutile Nanoparticles in Aquatic Environments and Its Implications
186,[],['No results'],Development and Evaluation of a Probabilistic Fugacity-Based Source-to-Concentration Model for Support of Exposure Assessment
187,['10.1039/c3ra47899h'],[],N-Allylation of amines with allyl acetates using chitosan-immobilized palladium
188,[],['No results'],Size Controlled Two-dimensional Co3O4 with Exposure of {111} Plane: Synthesis andCatalytic Properties for Photooxidation of Organics
189,['10.1021/es401961j'],[],Field-Based Approach for Assessing the Impact of Treated Pulp and Paper Mill Effluent on Endogenous Metabolites of Fathead Minnows Pimephales promelas
190,['10.1002/etc.2415'],[],Development of methods to detect occurrence and effects of endocrine-disrupting chemicals: A fundamental shift in regulatory ecotoxicology
191,['10.1002/etc.2591'],[],"An inexpensive, temporally-integrated system for monitoring occurrence and biological effects of aquatic contaminants in the field"
192,['10.3390/su6031386'],[],Integrated Metrics for Improving the Life Cycle Approach to Assessing Product System Sustainability
193,[],['No results'],Linking the SHEDS-Multimedia Exposure Model and a Pyrethroid Mixture PBPK Model: A Proof of Concept for Cumulative Assessment
194,[],['No results'],DockScreen: A database of in silico biomolecular interactions to support computational toxicology
195,[],['No results'],Evaluating Sustainable Material Management Scenarios for Rare Earth Element Phosphors in Current Television Technology
196,['10.1007/s11367-014-0726-1'],[],Life cycle assessment for emerging materials: case study of a garden bed constructed from lumber produced with three different copper treatments
197,['10.7589/2012-10-248'],[],Reproductive physiology in eastern snapping turtles Chelydra serpentina exposed to runoff from a concentrated animal feeding operation
198,['10.1016/j.aquatox.2013.09.004'],[],Molecular target sequence similarity as a basis for species extrapolation to assess the ecological risk of chemicals with known modes of action
199,['10.1021/es403933f'],[],Interspecies Correlation Estimation - Applications in Water Quality Criteria and Ecological Risk Assessment
200,['10.1021/ie3013264'],[],Synthesis of Sustainable Energy Supply Chain by the P-Graph Framework
201,['10.1016/j.ygcen.2014.03.022'],[],Integrated approach to explore the mechanisms of aromatase inhibition and recovery in fathead minnows Pimephales promelas
202,['10.1080/10937404.2014.884956'],[],Relationships of Chemical Concentrations in Maternal and Cord Blood: A Review of Available Data
203,[],['No results'],Development of Monopole Interaction Models for Ionic Compounds. Part I: Estimation of Aqueous Henry’s Law Constants for Ions and Gas Phase pKa Values for Acidic Compounds
204,['10.1093/toxsci/kft067'],[],Developing Predictive Approaches to Characterize Adaptive Responses of the Reproductive Endocrine Axis to Aromatase Inhibition II:  Computational Modeling
205,['10.1016/j.watres.2012.12.041'],[],"Transformation of Silver Nanoparticles in Fresh, Aged, and Incinerated Biosolids"
206,[],['No results'],Toxicological Sciences FORUM - FutureTox II: In vitro Data and In Silico Models forPredictive Toxicology
207,['10.1002/0471140856.tx0442s65'],[],Determination of metabolic stability using cryopreserved hepatocytes from rainbow trout Oncorhynchus mykiss
208,[],['No results'],Development and Practical Application of Oil and Dispersant Interspecies Correlation Models for Aquatic Species
209,['10.1186/1471-2148-14-7'],['Multiple results'],Targeted Approach to Identify Genetic Loci Associated with Evolved Dioxin Tolerance in Atlantic Killifish Fundulus heteroclitus
210,['10.2174/13852728113179990047'],[],Synthesis of unnatural amino acids via microwave-assisted regio-selective one-pot multi-component reactions of sulfamidates
211,"['10.1002/etc.2627', '10.1002/etc.2729']",['Multiple results'],"Integrated assessment of runoff from livestock farming operations: Analytical chemistry, in vitro bioassays, and in vivo fish exposures"
212,['10.1016/j.jhazmat.2014.04.058'],[],Transport and retention of zinc oxide nanoparticles in porous media: Effects of natural organic matter versus natural organic ligands at circumneutral pH
213,['10.1016/j.yrtph.2014.04.009'],[],Advancing the 3Rs in Regulatory Toxicology - Carcinogenicity Testing: Scope for Harmonisation and Advancing the 3Rs in Regulated Sectors of the European Union
214,[],['No results'],promoting Ecohealth Through Open Regulatory Software Platforms
215,['10.1021/es4040254'],[],"Using transcriptomic tools to evaluate biological effects across effluent gradients at a diverse set of study sites in Minnesota, USA"
216,['10.1016/j.envpol.2014.07.003'],[],Estimating terrestrial amphibian pesticide body burden through dermal exposure
217,['10.1002/etc.2330'],[],"Cross species sensitivity to a novel androgen receptor agonist of potential environmental concern, spironolactone"
218,['10.1021/ie302804x'],[],Sustainability Indicators for Chemical Processes: III. Biodiesel Case Study
219,[],['No results'],Comparative Cytotoxicity of Silver Nanomaterials in a Murine Macrophage Cell Line
220,['10.1021/es505054f'],[],Metabolite profiling of fish skin mucus: a novel approach for minimally-invasive environmental exposure monitoring and surveillance
221,['10.1016/j.scitotenv.2013.10.077'],[],Separation and measurement of silver nanoparticles and silver ions using magnetic particles
222,[],['No results'],PROcEED: Probabilistic reverse dosimetry approaches for estimating exposure distributions
223,['10.1289/ehp.1306638'],[],Current perspectives on the use of alternative species in human health and ecological hazard assessments
224,['10.1021/es403094q'],[],Uptake of perfluoroalkyl acids into edible crops via land applied biosolids: Field and greenhouse studies
225,[],['No results'],Optimization of Whole-body Zebrafish Sectioning Methods for Mass Spectrometry Imaging 2013
226,['10.1088/1752-7155/7/2/029001'],[],Meeting Reports for 2013: Recent Advances in Breath Biomarker Research
227,[],['No results'],Estimating lifetime risk from spot biomarker data and intra‐class correlation coefficients ICC
228,['10.1021/es400802w'],[],Sunlight-Driven Reduction of Silver Ions by Natural Organic Matter: Formation and Transformation of Silver Nanoparticles
229,['10.1016/j.colsurfa.2014.05.041'],[],Transport of Fluorescently Labeled Hydroxyapatite Nanoparticles in Saturated Granular Media at Environmentally Relevant Concentrations of Surfactants
230,['10.1021/es402200h'],[],Multiwalled Carbon Nanotube Deposition on Model Environmental Surfaces
231,['10.1016/j.scitotenv.2013.07.059'],[],Phototoxicity of TiO2 nanoparticles to a freshwater benthic amphipod: are benthic systems at risk
232,['10.1021/es5020828'],[],Interactions of Graphene Oxide Nanomaterials with Natural Organic Matter and Metal Oxide Surfaces
233,['10.1039/c3gc42004c'],[],Ruthenium on chitosan: A recyclable heterogeneous catalyst for aqueous hydration of nitriles to amides
234,['10.1021/es400839h'],[],Surface Immobilisation of Engineered Nanomaterials for in-situ Study of their Environmental Transformations and Fate
235,[],['No results'],'Greener' Biomimetic Synthesis of Nanomaterials using Anti-oxidants from Plants and Microwaves
236,['10.1021/acs.est.5b01215'],[],Identification of novel perfluoroalkyl ether carboxylic acids PFECAs and sulfonic acids PFESAs in natural waters using accurate mass time-of-flight mass spectrometry TOFMS
237,['10.2174/13852728113179990043'],[],Microwave assisted alkylation of amines with alcohols; magnetically recoverable catalysis
238,['10.1039/c3en00103b'],[],Polymorph-dependent titanium dioxide nanoparticle dissolution in acidic and alkali digestions
239,['10.1016/j.tox.2015.03.011'],[],Sensitivity of neuroprogenitor cells to chemical-induced apoptosis using a multiplexed assay suitable for high-throughput screening*
240,"['10.1016/j.tox.2015.03.009', '10.1016/j.tox.2012.10.016']",['Multiple results'],A Four Step Approach to Evaluate Mixtures for Consistency with Dose Addition
241,['10.1080/15287394.2014.922391'],[],Evaluating an alternative method for rapid urinary creatinine determination
242,['10.1530/REP-13-0011'],[],"Atrazine-induced elevation or attenuation of the LH surge in the ovariectomized, estrogen-primed female rat: role of adrenal progesterone"
243,[],['No results'],"Landscape and regional context differentially affect nest parasitism and nest predation for Wood Thrush in central Virginia, USA"
244,['10.1177/0192623312466959'],[],Scientific and regulatory policy committee SRPC paper: Assessment of Circulating Hormones in Nonclinical Toxicity Studies. III Female Reproductive Hormones
245,['10.1007/s10098-016-1146-7'],[],"The Path Towards Healthier Societies, Environments  Economies: A Broader Perspective for Sustainable Engineered Nanomaterials"
246,['10.1002/etc.2965'],[],Prioritization of pharmaceuticals for potential environmental hazard through leveraging a large scale mammalian pharmacological dataset
247,[],['No results'],Developmental Toxicity of Perfluoronanoic Acid in Mice
248,[],['No results'],Titanium Dioxide Nano- and Micro-particles:  Transport and Fate in Wastewater Treatment Systems
249,['10.1039/c3gc42640h'],[],Journey on greener pathways: from the use of alternate energy inputs and benign reaction media to sustainable applications of nano-catalysts in synthesis and environmental remediation
250,[],['No results'],Essential Set of Molecular Descriptors for ADME Prediction in Drug and Environmental Chemical Space
251,[],['No results'],Weathering of Polyethylene-Nano-clay Composites and the Release of Nanoparticles
252,['10.1016/j.reprotox.2013.12.010'],[],Statin Drugs Markedly Inhibit Testosterone Production by Rat Leydig Cells In Vitro: Implications for Men
253,['10.1016/j.vascn.2013.03.008'],[],A Public-Private Consortium Advances Cardiac Safety Evaluation: Achievements of the HESI Cardiac Safety Technical Committee
254,[],['No results'],Evaluating the additivity of perfluoroalkyl acids PFAAs in binary combinations on peroxisome proliferator-activated receptor-aPPARa activation
255,[],['No results'],Surfactant-Wrapped Multiwalled Carbon Nanotubes in Aquatic Systems: Surfactant Displacement in the Presence of Humic Acid
256,[],['No results'],Effects of the anti-microbial contaminant triclocarban on the reproductive function and ovarian transcriptome of the fathead minnow Pimephales promelas
257,[],['No results'],"Estimation of human percutaneous bioavailability for two novel brominated flame retardants, 2-ethylhexyl tetrabromobenzoate EH-TBB and bis2-ethylhexyl tetrabromophthalate BEH-TEBP, using the parallelogram approach"
258,['10.1016/j.buildenv.2014.05.006'],[],Comparison of energy-based indicators used in life cycle assessment tools for buildings
259,['10.1002/ieam.1663'],[],Applying Comprehensive Environmental Assessment to Research Planning for Multiwalled Carbon Nanotubes: Refinements to Inform Future Stakeholder Engagement
260,[],['No results'],Hybrid Vapor Stripping-Vapor Permeation Process for Recovery and Dehydration of 1-Butanol and Acetone/Butanol/Ethanol from Dilute Aqueous Solutions. Part 2. Experimental Validation with Simple Mixtures and Actual Fermentation Broth
261,[],['No results'],TOXICOLOGIC PATHOLOGY  Deriving Performance Confidence Limits to Develop Predictive Models for Systemic Toxicity using ToxRefDB
262,['10.1071/EN14037'],[],Current Status and Future Direction for Examining Engineered Nanoparticles in Natural Systems
263,['10.3109/10408444.2013.835785'],[],Dose-response approaches for nuclear receptor-mediated modes of action for liver carcinogenicity: Results of a workshop
264,['10.1016/j.yrtph.2015.03.005'],[],Evaluation of the ToxRTool's ability to rate the reliability of toxicological data for human health hazard assessments
265,['10.1093/toxsci/kft204'],[],Dosimetric Anchoring of In Vivo and In Vitro Studies for Perfluorooctanoate and Perfluorooctanesulfonate
266,['10.1016/j.tiv.2013.02.012'],[],Mechanism-based testing strategy using in vitro approaches for identification of thyroid hormone disrupting chemicals
267,['10.1002/etc.2456'],[],Augmenting aquatic species sensitivity distributions with interspecies toxicity estimation models
268,['10.3109/00498254.2013.845704'],[],Optimizing the use of rainbow trout hepatocytes for bioaccumulation assessments with fish
269,[],['No results'],Transcriptomic-based effects monitoring for endocrine active chemicals: Assessing relative contribution of treated wastewater to downstream pollution
270,['10.1088/1752-7155/10/1/010201'],[],"Cellular respiration: replicating in vivo systems biology for in vitro exploration of human exposome, microbiome, and disease pathogenesis biomarkers"
271,['10.1039/c3ra46537c'],[],Greener iodination of arenes using sulphated ceria-zirconia catalysts in polyethylene glycol
272,['10.1016/j.aquatox.2013.12.023'],[],Modulation of Aromatase Activity as a Mode of Action for Endocrine Disrupting Chemicals in a Marine Fish
273,['10.1039/c3cc44415e'],[],Microcystin-LR removal from aqueous solutions using  a magnetically  separable N-doped TiO2  nanocomposite under visible light irradiation
274,['10.1021/ar400309b'],[],Microwave-Assisted Chemistry: Synthetic Applications for Rapid Assembly of Nanomaterials and Organics
275,[],['No results'],Metal Oxide Nanoparticles Alter Spontaneous Activity and GABAergic Responses in Cortical Netural Networks in Vitro
276,[],['No results'],Chemical-Induced Effects on Neurodevelopment: A Review of Animal and Human Studies
277,['10.1093/toxsci/kfs335'],[],An animal model of marginal iodine deficiency during development: The thyroid axis and neurodevelopmental outcome. 
278,['10.1093/toxsci/kft243'],[],Flame retardant BDE-47 effectively activates nuclear receptor CAR in human primary hepatocytes
279,['10.1016/j.ecoenv.2014.07.020'],[],Developmental Toxicity of Louisiana Crude Oil-Spiked Sediment to Zebrafish
280,[],['No results'],Advancing Computational Exposure Science to Enable Risk Assessment for the 21st Century
281,[],['No results'],Development of a Human Physiologically Based Pharmacokinetics PBPK Model For Extrapolation of Dermal Permeability Coefficients: A Case Study with Lindane
282,[],['No results'],Industrial process system assessment: bridging process engineeringand life cycle assessment through multiscale modeling.
283,['10.1093/toxsci/kfu199'],[],Adverse outcome pathway AOP development I:  Strategies and principles
284,['10.1016/j.envint.2014.07.010'],[],Changes in epidemiologic associations with different exposure metrics: A case study of phthalate exposure associations with body mass index and waist circumference
285,['10.1021/es501428u'],[],Environmental gestagens activate fathead minnow Pimephales promelas nuclear progesterone and androgen receptors in vitro
286,[],[],Using Toxicological Evidence from QSAR Models in Practice
287,[],['No results'],Perchlorate exposure is associated with oxidative stress and indicators of serum iron homeostasis among NHANES 2005-2008 subjects
288,['10.1038/nbt.2914'],[],Phenotypic screening of the ToxCast chemical library to classify toxic and therapeutic mechanisms
289,[],['No results'],"Dietary predictors of young children’s exposures to chlorpyrifos, permethrin, and 2,4-D using urinary biomonitoring"
290,['10.1016/j.chemosphere.2014.02.072'],[],Flame Retardant Exposures in California Early Childhood Education Environments
291,[],['No results'],The Use of Mode of Action Information in Risk Assessment: Quantitative Key Events/Dose-Response Framework for Modeling the Dose-Response for Key Events
292,[],['No results'],Changes in Soil Microbial Communities and Diversity in Response to Long-Term Silver Exposure
293,['10.3109/1354750X.2015.1094136'],[],Kidney injury biomarkers and urinary creatinine variability in nominally healthy adults
294,[],['No results'],Analysis of Biomarker Utility using a PBPK Model for Carbaryl
295,[],['No results'],"Assessing variability in chemical acute toxicity of unionid mussels: Influence of intra- and inter-laboratory testing, life stage, and species"
296,['10.1007/s10098-014-0817-5'],['Multiple results'],Biocatalyst greenness
297,['10.1016/j.envpol.2014.04.030'],[],Fate and lability of silver in soils: effect of ageing
298,['10.1021/sc500160f'],[],"Iron Oxide-Supported Copper Oxide Nanoparticles Nanocat-Fe-CuO: Magnetically Recyclable Catalysts for the Synthesis of Pyrazole Derivatives, 4-Methoxyaniline, and Ullmann-type Condensation Reactions"
299,['10.1021/sc5002512'],[],Eco-Friendly Magnetic Iron Oxide Pillared Montmorillonite for Advanced Catalytic Degradation of Dichlorophenol
300,['10.1039/c4gc00418c'],[],Bare Magnetic Nanoparticles: Sustainable Synthesis and Applications in Catalytic Organic Transformations
301,['10.1002/etc.2793'],[],Metformin exposure at environmentally relevant concentrations causes potential endocrine disruption in adult male fish
302,[],['No results'],Development of a Consumer Product Ingredient Database for Chemical ExposureScreening and Prioritization
303,"['10.1021/es503206c', '10.1021/es501055d']",['Multiple results'],Spatial and Temporal Patterns in Concentrations of Perfluorinated Compounds in Bald Eagle Nestlings in the Upper Midwestern United States
304,['10.1002/ieam.1540'],[],On the Likelihood of Single-Walled Carbon Nanotubes Causing Adverse Marine Ecological Effects
305,[],['No results'],Biological Treatment of Water Disinfection Byproducts using Biotrickling Filter under Anoxic and Anaerobic Conditions
306,[],['No results'],Flow Chemistry for Designing Sustainable Chemical Synthesisjournal article
307,['10.1007/s11367-015-0850-6'],[],A new data architecture for advancing life cycle assessment
308,[],['No results'],Environmentally Relevant Mixing Ratios in Cumulative Assessments: A Study of theKinetics of Pyrethroids and Their Ester Cleavage Metabolites in Blood and Brain; and the Effect of a Pyrethroid Mixture on the Motor Activity of Rats
309,[],['No results'],Intra- and inter-laboratory reliability of a cryopreserved trout hepatocyte assay for the prediction of chemical bioaccumulation potential
310,[],['No results'],Molecular epidemiological assessment of neuronal function in the BNST of non-human primates after chronic voluntary alcohol consumption
311,['10.1021/es502676e'],[],Predictive Endocrine Testing in the 21st Century Using In Vitro Assays of Estrogen Receptor Signaling Responses
312,['10.1016/j.yrtph.2014.05.008'],[],A New Method for Generating Distribution of Biomonitoring Equivalents to Support Exposure Assessment and Prioritization
313,['10.1166/jnn.2015.11631'],[],Differential genomic effects on signaling pathways by two different CeO2 nanoparticles in HepG2 cells
314,['10.3109/1354750X.2015.1134666'],[],Comparing biomarker measurements to a normal range: when to use standard error of the mean SEM or standard deviation SD confidence intervals tests
315,[],['No results'],Technometrics Assessing Uncertainty in Parameter Estimates for the Hill Model of Concentration-Response
316,[],['No results'],A framework for modeling non-steady state concentrations of semivolatile organic compounds indoors ― I. Emissions from diffusional sources and sorption by interior surfaces
317,[],['No results'],Adverse outcome pathway AOP development II:  Best practices
318,[],[],"The Long Non-coding RNA HOTTIP Enhances Pancreatic Cancer Cell Proliferation, Survival and Migration"
319,[],['No results'],Nature Biotechnology Analysis of the Effects of Cell Stress and Cytotoxicity on In Vitro Assay Activity in the ToxCast Dataset
320,[],['No results'],Transport of TiO2 Nanoparticles and Nanostructured Particles through a Porous Medium
321,[],['No results'],Polybrominated Diphenyl Ether DE-71Interferes with Thyroid Hormone Action Independent Of Effects On Circulating Levels of Thyroid Hormone in Male Rats
322,['10.1016/j.scitotenv.2014.04.120'],[],Preferential Interaction of Na+ over K+ to Carboxylate-functionalized Silver Nanoparticles
323,['10.1080/1062936X.2014.898691'],[],A rule-based expert system for chemical prioritization using effects-based chemical categories
324,['10.1016/j.envpol.2014.06.027'],[],Impact of solar UV radiation on toxicity of ZnO nanoparticles through photocatalytic reactive oxygen species ROS generation and photo-induced dissolution
325,[],['No results'],Effects of environmental pollutants on cellular iron homeostasis and ultimate links to human disease
326,['10.1016/j.envint.2014.07.011'],[],"A Proposal for Assessing Study Quality: Biomonitoring, Environmental Epidemiology, and Short-Lived Chemicals BEES-C Instrument"
327,[],[],In vitro metabolism and bioavailability tests for endocrine active substances:  What is needed next for regulatory purposes
328,[],['No results'],News: Multistep organic synthesis using flow chemistry
329,['10.1039/c3ce42150c'],[],Microwave-Assisted Synthesis of Mesoporous Nano-Hydroxyapatite Using Surfactant Templates
330,[],['No results'],Hybrid Vapor Stripping-Vapor Permeation Process for Recovery and Dehydration of 1-Butanol and Acetone/Butanol/Ethanol from Dilute Aqueous Solutions. Part 1. Process Simulations
331,['10.1007/s10669-014-9518-1'],[],Data dialogues: critical connections for designing and implementing future nanomaterial research
332,['10.1016/j.ntt.2014.11.008'],[],"Effects of Toluene, Acrolein and Vinyl Chloride on Motor Activity of Drosophila Melanogaster"
333,['10.1039/c4gc02088j'],[],A green chemistry-based classification model for the synthesis of silver nanoparticles
334,['10.1021/ie501081q'],[],Magnetic silica supported palladium catalyst: synthesis of allyl aryl ethers in water
335,['10.1016/j.yrtph.2015.04.004'],[],Increasing scientific confidence in adverse outcome pathways: Application of tailored Bradford-Hill considerations for evaluating weight of evidence
336,[],['No results'],Shape and Steepness of Toxicological Dose-Response Relationships. Part I. Continuous Response Data
337,['10.1021/es503583j'],[],High Throughput Heuristics for Prioritizing Human Exposure to Environmental Chemicals
338,['10.1002/etc.2948'],[],"Observed and modeled effects of pH on bioconcentration of diphenhydramine, a weakly basic pharmaceutical, by fathead minnows"
339,['10.3109/00498254.2015.1081710'],[],Tissue time course and bioavailability of the pyrethroid insecticide bifenthrin in the Long-Evans rat
340,['10.1016/j.taap.2014.11.016'],[],Assessment of Serum Biomarkers in Rats After Exposure to Pesticides of Different Chemical Classes
341,[],['No results'],CHEMICAL RESEARCH IN TOXICOLOGY  Predicting hepatotoxicity using ToxCast in vitro bioactivity and chemical structure
342,[],['No results'],Microwave-Assisted Synthesis – Catalytic Applications in Aqueous Media
343,['10.1021/es502513w'],[],SHEDS-HT: An Integrated Probabilistic Exposure Model for Prioritizing Exposures to Chemicals with Near-Field and Dietary Sources
344,['10.1016/j.scitotenv.2015.09.141'],[],Impact of natural organic matter on particle behavior and phototoxicity of titanium dioxide nanoparticles
345,['10.1016/j.aca.2015.10.040'],[],Analytical Characterisation of Nanoscale Zero-Valent Iron: A Methodological Review
346,[],['No results'],Spatiotemporal Sensitivity Analysis of Vertical Transport of Pesticides in Soil
347,['10.1016/j.watres.2015.03.003'],[],Fate of Zinc and Silver Engineered Nanoparticles in Sewerage Networks
348,['10.1021/es502976y'],[],"Toxicity, Bioaccumulation and Biotransformation of Silver Nanoparticles in Marine Organisms"
349,['10.1039/c4gc00748d'],[],Carbon-coated magnetic palladium: applications in partial oxidation of alcohols and coupling reactions.
350,['10.1002/etc.2662'],['Multiple results'],Development of an adverse outcome pathway for acetylcholinesterase inhibition leading to acute mortality
351,[],['No results'],Assessment of inter-laboratory reproducibility of micro-electrode array-based measurements for neurotoxicity testing
352,[],['No results'],Spatial Distribution of Small Water Body Types across Indiana Ecoregions
353,[],['No results'],Acute toxicity prediction to threatened and endangered species using Interspecies Correlation Estimation ICE models
354,['10.1002/jctb.4695'],[],Effect of membrane and process characteristics on cost and energy usage for separating alcohol-water mixtures using hybrid vapor stripping-vapor permeation process
355,['10.1111/bcpt.12239'],[],In Vitro and Modeling Approaches to Risk Assessment from the U.S. Environmental Protection Agency ToxCast Program
356,[],['No results'],Biological Effects–Based Tools for Monitoring Impacted Surface Waters in the Great Lakes: A Multiagency Program in Support of the Great Lakes Restoration Initiative
357,[],['No results'],"An integrated genetic linkage map and comparative genome analysis for the estuarine Atlantic killifish, Fundulus heteroclitus"
358,[],['No results'],Advancing computational toxicology: A selected review of the accomplishments of Gilman D. Veith 1944-2013
359,[],['No results'],Small Chamber Study on Characterizing Organophosphorus Flame Retardants Sorption on Indoor Building Materials and Consumer Products
360,[],['No results'],A Global Survey of Perfluoroalkyl Carboxylates PFCAs and Perfluoroalkane Sulfonates PFSAs in Surface Soils: Distribution Patterns and Mode of Occurrence
361,[],['No results'],Exposure Science in an Age of Rapidly Changing Climate: Challenges and Opportunities
362,['10.1016/j.aquatox.2014.10.022'],[],Environmental hormones and their impacts on sex differentiation in fathead minnows
363,[],['No results'],Meeting Report:  FutureTox II: Contemporary Concepts in Toxicology “Pathways to Prediction: In Vitro and In Silico Models for Predictive Toxicology”
364,[],['No results'],ALTEX Pathways of Toxicity
365,['10.1021/es502169p'],[],Near-road modeling and measurement of cerium-containing particles generated by nanoparticle diesel fuel additive use
366,['10.1016/j.ccr.2014.12.014'],[],Fate of Engineered Nanoparticles: Implications in the Environment
367,['10.1016/j.reprotox.2014.05.008'],[],Novel molecular events associated with altered steroidogenesis induced by exposure to atrazine in the intact and castrate male rat
368,[],['No results'],Germination and early plant development of ten plant species exposed to TiO2 and CeO2 nanoparticles
369,['10.1088/1752-7155/8/3/037107'],[],Exploratory breath analyses for assessing toxic dermal exposure of firefighters during suppression of structural burns
370,['10.1371/journal.pone.0109332'],[],"Non-Hodgkin Lymphoma risk and insecticide, fungicide and fumigant use in the Agricultural Health Study"
371,['10.1016/j.taap.2014.11.011'],[],"Use of Electroencephalography EEG to Assess CNS Changes Produced by Pesticides with different Modes of Action: Effects of Permethrin, Deltamethrin, Fipronil, Imidacloprid, Carbaryl, and Triadimefon"
372,['10.1093/toxsci/kfu194'],[],Developmental Exposure to Organophosphate Flame Retardants Elicits Overt Toxicity and Alters Behavior in Zebrafish Danio rerio
373,[],['No results'],"Comparative lung toxicity of engineered nanomaterials ENM utilizing in vitro, ex vivo and in vivo approaches"
374,['10.1002/etc.2756'],[],Phenotypic and genomic responses to titanium dioxide and cerium oxide nanoparticles in Arabidopsis germinants
375,[],['No results'],Reproductive Toxicology Identification of vascular disruptor compounds by a tiered analysis in zebrafish embryos and mouse embryonic endothelial cells
376,['10.1016/j.neuro.2014.08.010'],[],The cellular and Genomic response of rat dopaminergic neurons N27 to coated nanosilver
377,['10.1016/j.scitotenv.2015.06.070'],[],Modeling tribal exposures to methyl mercury from fish consumption
378,['10.1016/j.reprotox.2014.05.014'],[],Immediate and long-term consequences of vascular toxicity during zebrafish development
379,[],['No results'],Connecting Toxicology and Chemistry to Ensure Safer Chemical Design
380,[],['No results'],Species Sensitivity Distributions: estimating toxicity thresholds for aquatic ecological communities and assessing impacts of chemical exposures
381,[],['No results'],Evaluating consumer product life cycle sustainability with integrated metrics: A Bounty® case study
382,['10.1021/acs.jafc.5b04515'],[],Omics Revolution in Agricultural Research
383,['10.1098/rstb.2014.0022'],[],Leveraging existing data for prioritization of the ecological risks of human and veterinary pharmaceuticals to aquatic organisms
384,['10.1098/rstb.2013.0569'],[],Medicating the environment: Assessing risks of pharmaceuticals to wildlife and ecosystems
385,[],['No results'],ENVIRONMENTAL BIODEGRADABILITY OF [14C] SINGLE-WALLED CARBON NANOTUBESBY TRAMETES VERSICOLOR AND NATURAL MICROBIAL CULTURES FOUND IN NEWBEDFORD HARBOR SEDIMENT AND AERATED WASTEWATER TREATMENT PLANT SLUDGE
386,[],['No results'],"Conceptual Design of a Chemical Process for the Recovery of Ce, Eu, and Y from used LED Phosphors from Flat Panel Displays"
387,['10.1002/ajim.22403'],[],Investing in Prospective Cohorts for Etiologic Study of Occupational Exposures
388,['10.1002/etc.2708'],[],A novel framework for interpretation of data from the fish short-term reproduction assay FSTRA for the detection of endocrine-disrupting chemicals
389,['10.1016/j.ijheh.2015.02.002'],['Multiple results'],Characterization of silver nanoparticles in selected consumer products and its relevance for predicting children's potential exposures
390,['10.1088/1752-7155/8/2/029001'],[],Extending breath analysis to the cellular level: current thoughts on the human microbiome and the expression of organic compounds in the human exposome
391,[],['No results'],Development of the larval amphibian growth and development assay: Effects of benzophenone-2 exposure in Xenopus laevis from embryo to juvenile
392,[],['No results'],MicroRNA Biomarkers of Toxicity in Biological Matrices
393,['10.1080/02786826.2015.1027809'],[],Factors affecting the ambient physicochemical properties of cerium-containing particles generated by nanoparticle diesel fuel additive use
394,['10.1504/IJBT.2015.074796'],[],Developing Toxicogenomics as a Research Tool by Applying Benchmark Dose-Response Modeling to inform  Chemical Mode of Action and Tumorigenic Potency
395,['10.1289/ehp.1409138'],[],Identification and prioritization of relationships between environmental stressor and adverse human health impacts
396,[],['No results'],Effect of Land Cover Change on Snow Free Surface Albedo
397,[],['No results'],Cleaning Water Contaminated With Heavy Metal Ions Using Pyrolyzed Banana Peel Adsorbents
398,['10.1111/nrm.12056'],[],Analysis of Sensitivity and Uncertainty in an Individual-Based Model of a Threatened Wildlife Species
399,['10.1093/toxsci/kfu169'],[],Incorporating Population Variability and Susceptible Subpopulations into Dosimetry for High-Throughput Toxicity Testing
400,['10.1016/j.enmm.2015.07.003'],[],Assessment of the bioaccessibility of micronized copper wood in synthetic stomach fluid
401,['10.1080/10937404.2014.956854'],[],Estimating Common Parameters of Lognormally Distributed Environmental and Biomonitoring Data: Harmonizing Disparate Statistics from Publications
402,['10.1016/j.envres.2014.09.026'],[],Serum concentrations of perfluorinated compounds PFC among selected populations of children and Adults in California
403,['10.1016/j.toxlet.2014.09.020'],[],P-glycoprotein Inhibition by the Agricultural Pesticide Propiconazole and Its Hydroxylated Metabolites: Implications for Pesticide-Drug Interactions
404,[],['No results'],Characterizing Fluorotelomer and Polyfluoroalkyl Substances in New and Aged Fluorotelomer-Based Polymers for Degradation Studies with GC/MS and LC/MS/MS
405,[],['No results'],Hidden markov models for estimating animal mortality from anthropogenic hazards journal article
406,"['10.3109/1354750X.2014.988646', '10.3109/1354750X.2015.1006911']",['Multiple results'],"Analysis of inflammatory cytokines in human blood, breath condensate, and urine using a multiplex immunoassay platform"
407,[],['No results'],News: Green money laundering
408,[],['No results'],"Approaches for predicting effects of unintended environmental exposure to an endocrine active pharmaceutical, tamoxifen 12/2/15 AVAILABLE ONLINE, PENDING FINAL"
409,['10.1088/1752-7155/9/3/039001'],[],Adapting biomarker technologies to adverse outcome pathways AOPs research: current thoughts on using in vivo discovery for developing in vitro target methods
410,[],['No results'],Sequence Alignment to Predict Across Species Susceptibility SeqAPASS: A web-based tool for addressing the challenges of cross-species extrapolation of chemical toxicity
411,[],['No results'],Determination of Human Hepatic CYP2C8 and CYP1A2 Age-Dependent Expression toSupport Human Health Risk Assessment for Early Ages
412,[],['No results'],Environmental Health Perspectives Prioritizing Environmental Chemicals for Obesity and Diabetes Outcomes Research: A Screening Approach Using ToxCast High Throughput Data
413,['10.1021/sc500341h'],[],Magnetic Carbon Supported Palladium Nanoparticles: An Efficient and Sustainable Catalyst for Hydrogenation Reactions
414,[],['No results'],Contact Dermatitis Is skin penetration a determining factor in skin sensitisation potential and potency Refuting the notion of a LogKow threshold for Skin Sensitisation
415,['10.1002/etc.2686'],['Multiple results'],Effects of single and multiple applications of glyphosate and aminopyralid on simple constructed plant communities
416,['10.1002/etc.2583'],[],Species sensitivity and dependence on exposure conditions impacting the phototoxicity of TiO2 nanoparticles to benthic organisms
417,[],['No results'],Profiling of the Tox21 Chemical Collection for Mitochondrial Function: I. Compounds that Decrease Mitochondrial Membrane Potential
418,['10.1021/es504347u'],[],"Decades-Scale Degradation of Commercial, Side-Chain, Fluorotelomer-based Polymers in Soils  Water"
419,[],['No results'],Biochemical Effects of six Ti02 and four Ce02 Nanomaterials in HepG2 cells
420,['10.1039/c4em00583j'],[],Correlation of Trace Contaminants to Wastewater Management Practices in Small Watersheds
421,[],['No results'],Isomers/enantiomers of perfluorocarboxylic acids: Method development and detection in environmental samples
422,[],['No results'],An integrated experimental and computational approach for characterizing the kinetics and mechanism of triadimefon racemization
423,['10.1093/toxsci/kfv160'],[],"Development of 3D-QSAR model for acetylcholinesterase inhibitors using a combination of fingerprint, molecular docking, and structure-based pharmacophore approaches"
424,['10.1021/es402911e'],[],Developing a Reference Material for Diffusion-Controlled Formaldehyde Emissions Testing
425,[],['No results'],Environmental aging alters AIOH3 coating of TiO2 nanoparticles enhancing their photocatalytic and phototoxicity activities
426,[],['No results'],A Physiologically Based Pharmacokinetic PBPK Model of Vitamin D
427,['10.1007/s10646-015-1442-8'],[],Glyphosate and dicamba herbicide tank mixture effects on native plant and non-genetically engineered soybean seedlings
428,[],['No results'],Core–shell nanoparticles: synthesis and applications in catalysis and electrocatalysis
429,['10.1093/toxsci/kfu187'],[],Inhaled Diesel Emissions Generated with Cerium Oxide Nanoparticle Fuel Additive induce Adverse Pulmonary and Systemic Effects
430,[],['No results'],Concentrations and trends of Perfluorinted chemicals in potential indoor sources  from 2007 through 2011
431,[],['No results'],Adverse Outcome Pathways – Organizing Toxicological Information to Improve Decision Making
432,['10.1289/ehp.1104870'],[],Advancing the Next Generation of Risk Assessment
433,['10.1088/1752-7155/9/4/047108'],[],Immunochemistry for high-throughput screening of human exhaled breath condensate EBC media: implementation of automated quanterix SIMOA instrumentation
434,"['10.1371/journal.pone.0124224', '10.1371/journal.pone.0112655']",['Multiple results'],Identification of Modulators of the Nuclear Receptor Peroxisome Proliferator-Activated Receptor α PPARα in a Mouse Liver Gene Expression Compendium
435,['10.1016/j.taap.2014.11.006'],[],Improving In Vitro to In Vivo Extrapolation by Incorporating Toxicokinetic Measurements: A Case Study of Lindane-Induced Neurotoxicity
436,['10.1093/toxsci/kfu320'],[],Temporal changes in biological responses and uncertainty in assessing risks of endocrine-disrupting chemicals: Insights from intensive time-course studies with fish
437,[],['No results'],"Journal of Chemical Information and Modeling  A New Publicly Available Chemical Query Language, CSRML, to support Chemotype Representations for Application to Data-Mining and Modeling"
438,[],['No results'],Metabolomic effects in HepG2 cells exposed to four TiO2 amd two CeO2 naomaterials
439,['10.1007/s10098-013-0686-3'],[],The Use of Life Cycle Tools to Support Decision Making for Sustainable Nanotechnologies
440,[],['No results'],Moderate Levels of Developmental Thyroid Hormone Insufficiency Reduce Expression Use-Dependent Plasticity Genes and Hippocampal LTP In Vivo
441,[],['No results'],Pathway-based approaches for assessment of real-time exposure to an estrogenic wastewater treatment plant effluent on fathead minnow reproduction
442,[],['No results'],Analytical approaches exploring the connection between endocrine-active pharmaceuticals in water to effects in fish
443,[],['No results'],Novel Fe-Pd/SiO2 catalytic materials for degradation of chlorinated organic compounds in water
444,['10.1021/es504229h'],[],"Speciation and Lability of Ag-, AgCl- and Ag2S-Nanoparticles in Soil Determined by X-Ray Absorption Spectroscopy and Diffusive Gradients in Thin Films"
445,[],['No results'],A framework for modeling non-steady state concentrations of semivolatile organic compounds indoors ― II. Interactions with particulate matter
446,[],['No results'],Photochemical transformation of graphene oxide in sunlight journal
447,[],['No results'],"Modeling TiO2 nanoparticle phototoxicity: The importance of chemical concentration, ultraviolet radiation intensity, and time"
448,['10.1016/j.scitotenv.2014.08.068'],[],"Chronic TiO2 nanoparticle exposure to a benthic organism, Hyalella azteca: Impact of solar UV radiation and material surface coatings on toxicity"
449,[],['No results'],"ALTEX CAAT Altex workshop paper entitled ""Towards Good Read-Across Practice GRAP Guidance"""
450,['10.1016/j.watres.2015.04.001'],[],Sunlight affects aggregation and deposition of graphene oxide in the aquatic environment.
451,[],['No results'],A Review of Non-occupational Pathways for Pesticide Exposure in Women Living in Agricultural Areas
452,[],['No results'],Adult Onset-Hypothyroidism: Alterations in Hippocampal Field Potentials in the Denate Gyrus are Largely Associated with Anesthesia-Induced Hypothermia
453,['10.1021/es5047155'],[],Photochemical Transformation of Graphene Oxide in Sunlight
454,['10.1080/15287394.2016.1138923'],[],Taxonomic applicability of inflammatory cytokines in adverse outcome pathway AOP development
455,[],['No results'],Reg. Tox. Pharm. Systematically evaluating read-across prediction and performance using a local validity approach characterized by chemical structure and bioactivity information
456,['10.1093/toxsci/kfv090'],[],"In vitro, ex vivo, and in vivo determination of thyroid hormone modulating activity of benzothiazoles"
457,['10.1016/j.buildenv.2015.08.025'],[],A Reference Method for Measuring Emissions of SVOCs in Small Chambers
458,['10.1186/s13041-015-0099-9'],[],"Ontogeny of Biochemical, Morphological and Functional Parameters of Synaptogenesis in Primary Cultures of Rat Hippocampal and Cortical Neurons"
459,['10.1002/tox.22167'],[],Effects of Louisiana crude oil on the sheepshead minnow Cyprinodon variegatus during a life cycle exposure to laboratory oiled sediment
460,[],['No results'],Mining Available Data from the United States Environmental Protection Agency to Support Rapid Life Cycle Inventory Modeling of Chemical Manufacturing
461,[],['No results'],Divergence in sink contributions to population persistence journal article
462,[],['No results'],Simvastatin Reduces Fetal Testosterone Production and Permanently Alters Reproductive Tract Development in the Male Rat
463,[],['No results'],Identification of fipronil metabolites in rodents by time-of-flight mass spectrometry for application in a human exposure study
464,[],['No results'],Predicting the  Effects of Nano-Scale Cerium Additives in  Diesel Fuel on Regional-Scale Air Quality
465,[],['No results'],Nanomaterial Categorization for Assessing Risk Potential to Faciliate Regulatory Decision-Making
466,[],['No results'],A Sequencing Algorithm for the Environmental Transformations of Engineered Nanomaterials
467,['10.1021/jf5060744'],[],"Developing Global Leaders for Research, Regulation and Stewardship of Crop Protection Chemistry in the 21st Century"
468,[],['No results'],Dose and Effect Thresholds for Early Key Events in a  Mode of PPARa-Mediated Action
469,['10.1007/s00244-015-0183-2'],['Multiple results'],Pesticide Uptake Across the Amphibian Dermis Through Soil and Overspray Exposures
470,['10.1080/15287394.2015.1109571'],[],In vivo dermal absorption of pyrethroid pesticides in the rat.
471,[],['No results'],Moving Toward Integrating Gene Expression Profiling into High-throughput Testing:A Gene Expression Biomarker Accurately Predicts Estrogen Receptor α Modulation in a Microarray Compendium
472,[],['No results'],"Disruption of STAT5b-regulated sexual dimorphism of the liver transcriptome by diets, infections and in genetic models"
473,[],['No results'],Estimation of Tetrabromobisphenol A TBBPApercutaneous uptake in humans using the parallelogram method.
474,[],['No results'],Comparing metabolite biotransformation libraries for sensitivity and selectivity toward mammalian and microbial metabolite formation
475,[],['No results'],Concentration and Particle Size Polydispersity Effects on QCM-D Nanoparticle Depositin Measurements
476,[],['No results'],"Spatially explicit risk assessment of an estuarine fish in Barataria Bay, Louisiana, following the Deepwater Horizon Oil spill: evaluating tradeoffs in model complexity and parsimony"
477,[],['No results'],Integrating publicly-available data to generate computationally-predicted adverse outcome pathways for hepatic steatosis
478,[],['No results'],An Integrative data mining approach to identifying Adverse Outcome Pathway AOP Signatures
479,[],['No results'],Analyzing the environmental impacts of laptop enclosures using screening-level life cycle assessment to support sustainable consumer electronics j/a
480,[],['No results'],Demographic analysis demonstrates contrasting abiotic and biotic stressors across a species range
481,['10.1021/es500016s'],[],Perfluoroalkyl acid distribution in various plant compartments of edible crops grown in biosolids-amended soils
482,['10.1016/j.ntt.2015.09.003'],[],Use of Alternative Assays to Identify and Prioritize Organophosphorus Flame Retardants for Potential Developmental and Neurotoxicity
483,[],['No results'],Estimating Dermal Exposure to Copper Nanoparticles from the Surfaces of Pressure-Treated Lumber and Implications for Toxicity
484,[],['No results'],ENVIRONMENTAL HEALTH PERSPECTIVES Evolutionary Genetics and Conservation of Cell Signaling as Organizing Principles in 21st-Century Teratology
485,['10.1016/j.aquatox.2015.02.001'],[],MOAtox: A Comprehensive Mode of Action and Acute Aquatic Toxicity Database for Predictive Model Development
486,[],['No results'],A Random Forest Approach to Predict the Spatial Distribution of Environmental Contaminants in an Estuarine System 3/29/16 UNDER REVISION WITH JEQ
487,[],['No results'],Linking field-based metabolomics and chemical analyses to prioritize contaminants of emerging concern in the Great Lakes ecosystem
488,[],['No results'],Archives of Toxicology  International STakeholder NETwork ISTNET: Creating a Developmental Neurotoxicity Testing DNT Roadmap for Regulatory Purposes
489,[],['No results'],"U.S. Domestic Cats as Sentinels for Perfluoroalkyl Substances:  Associations with Housing, Obesity and Chronic Disease"
490,[],['No results'],Report:  New analytical and statistical approaches for interpreting the relationships among environmental stressors and biomarkers
491,[],['No results'],Modeling the Transport of Multiwalled Carbon Nanotubes in Surface Water Systems: Parameterizing the Water Quality Analysis Simulation Program WASP
492,[],['No results'],Nanomaterial Implications for Agricultural Productivity and Food Safety
493,[],['No results'],Mining the archives: a cross-platform analysis of gene expression profiles in archival formalin-fixed paraffin-embedded FFPE tissue.
494,['10.1021/acs.est.6b00374'],[],EVALUATING THE IMPACT OF UNCERTAINTIES IN CLEARANCE AND EXPOSURE WHEN PRIORITIZING CHEMICALS SCREENED IN HIGH-THROUGHPUT ASSAYS
495,[],['No results'],A Near-Road Modeling System for Community-Scale Assessments of Traffic-Related AirPollution in the United States
496,[],['No results'],Applying Adverse Outcome Pathways AOPs to support Integrated Approaches to Testing and Assessment IATA workshop report
497,['10.1016/j.ygcen.2014.06.009'],[],Global gene expression  during early differentiation of Xenopus Silurana tropicalis gonad tissues
498,[],['No results'],"Sustainable Nanotechnology—A driving force to address economic development, global food, energy and water challenges in the 21st century"
499,[],['No results'],Journal of Statistical Software HTTK: R Package for High-Throughput Toxicokinetics
500,[],['No results'],Toxicological Sciences Integrated Model of Chemical Perturbations of a Biological PathwayUsing 18 In Vitro High Throughput Screening Assays for the Estrogen Receptor
501,['10.1002/em.21934'],[],An Evaluation of 25 Selected ToxCast Chemicals in Medium-Throughput Assays to Detect Genotoxicity
502,['10.1007/s12311-015-0657-9'],[],Neurodevelopmental malformations of the cerebellar vermis in genetically engineered rats
503,[],['No results'],Screening a mouse liver gene expression Compendium Identifies Effectors of the Aryl Hydrocarbon reeptors AhR
504,[],['No results'],Toxicological Sciences High-throughput screening of chemical effects on steroidogenesis using H295R human adrenocortical carcinoma cells
505,[],['No results'],"Temporal variability of pyrethroid metabolite levels in bedtime, morning, and 24-hr urine samples for 50 adults in North Carolina"
506,['10.1016/j.jhazmat.2015.04.019'],[],An integrated science-based methodology to assess potential risks and implications of engineered nanomaterials
507,[],['No results'],Scenario-specific approaches and applications of species sensitivity distribution modeling
508,['10.1016/j.toxrep.2014.12.009'],[],Exploring consumer pathways and patterns of use for chemicals in the environment
509,['10.1039/c4gc02047b'],[],Copper-nicotinamide complex: sustainable applications in coupling and cycloaddition reactions
510,['10.1021/ar5004219'],[],Ferrates: Greener Oxidants with Multimodal Action in Water Treatment Technologies
511,['10.1016/j.chemosphere.2014.06.012'],[],Determination of fluorotelomer alcohols in selected consumer products and preliminary investigation of their fate in the indoor environment
512,['10.1016/j.chemosphere.2015.09.107'],[],Activation of AhR-mediated toxicity pathway by emerging pollutants polychlorinated diphenyl sulfides
513,['10.1016/j.aquatox.2015.10.002'],[],Evaluation of whole-mount in situ hybridization as a tool for pathway-based  toxicological research with early-life stage fathead minnows
514,[],['No results'],Plant reproduction is altered by simulated herbicide drift for constructed plant communities
515,[],['No results'],ESandT Advancing Alternatives Analysis: The Role of Predictive Toxicology in Selecting Safer Chemical Products and Processes
516,[],['No results'],"Oil characterization and distribution in shoreline sediments of Pensacola Bay, Florida following the Deepwater Horizon spill"
517,['10.1016/j.tox.2016.05.009'],[],Differential Effects of Silver Nanoparticles and Ionic Silver on Spontaneous Activity and Pharmacological Responses in Neural Networks In Vitro
518,[],['No results'],"Neurotoxicological and thyroid evaluations of rats developmentally exposed to tris1,3-dichloro-2-propylphosphate TDICPP and tris2-chloro-2-ethylphosphateTCEP"
519,[],['No results'],The genetic basis for rapidly evolved tolerance to dioxin-like pollutants in wild Atlantic killifish: more than the aryl hydrocarbon receptor 3/29/16 UNDER REVIEW WITH MOLECULAR ECOLOGY
520,['10.1021/acs.est.5b00654'],[],"Multiwalled Carbon Nanotube Dispersion Methods Affect Their Aggregation, Deposition, and Biomarker Response"
521,['10.1021/acs.est.5b01041'],[],Probing Photosensitization by Functionalized Carbon Nanotubes
522,[],['No results'],Multivariate Models for Prediction of Human Skin Sensitization Hazard
523,[],['No results'],Differential genomic effects on canonical signaling pathways by two different CeO2 nanoparticles in HepG2 cells
524,[],['No results'],PLoS Comp Biol A Liver-centric Multiscale Modeling Framework for Xenobiotics
525,[],['No results'],Considerations of Environmentally-Relevant Test Conditions for Improved Evaluation of Ecological Hazards of Engineered Nanomaterials
526,['10.1002/jat.3290'],[],Development of a Quantitative Morphological Assessment of Toxicant-Treated Zebrafish Larvae Using Brightfield Imaging and High Content Analysis
527,[],['No results'],Henry’s Law Constant and Overall Mass Transfer Coefficient for Formaldehyde Emission from Small Water Pools under Simulated Indoor Environmental Conditions
528,['10.1177/1087057116640520'],[],Characterization of Early Cortical Neural Network Development in Multiwell Microelectrode Array Plates
529,[],['No results'],ESTIMATING GENERIC EFFECTS THRESHOLDS USING SPECIES SENSITIVITY DISTRIBUTION MODELS - A REVIEW
530,['10.1021/acs.est.5b01866'],[],"Aggregation and Stability of Reduced Graphene Oxide: Complex Roles of Divalent Cations, pH, and Natural Organic Matter"
531,['10.1016/j.neuro.2016.05.005'],[],Effects of an Environmentally-relevant Mixture of Pyrethroid Insecticides on Spontaneous Activity in Primary Cortical Networks on Microelectrode Arrays
532,['10.1007/s11051-015-3053-y'],[],Life Cycle Assessment Framework for Indoor Emissions of Synthetic Nanoparticles
533,['10.1021/acs.chemrestox.5b00024'],[],Probe molecules PrM approach in adverse outcome pathway AOP based high throughput screening HTS: in vivo discovery for developing in vitro target methods
534,['10.1002/etc.3042'],[],Adverse outcome pathways in research and regulation: Current status and future perspectives
535,[],['No results'],Sequencing and De novo Draft Assemblies of the Fathead Minnow Pimphales promelasReference Genome
536,[],['No results'],Classification of nanoparticle synthesis protocols with ordinal regression methods exploiting all maximal subsets of consistent assignment examples
537,['10.1080/15459624.2015.1060324'],[],Systems Biology and Biomarkers of Early Effects for Occupational Exposure Limit Setting
538,['10.1016/j.compchemeng.2015.04.020'],[],Using GREENSCOPE Indicators for Sustainable Computer-Aided Process Evaluation and Design
539,[],['No results'],Toxicological Sciences Incorporating High-Throughput Exposure Predictions with Dosimetry-Adjusted In Vitro Bioactivity to Inform Chemical Toxicity Testing
540,[],['No results'],"Mechanism-Based Analysis of Acetylcholinesterase Inhibitory Potency of Organophosphates, Carbamates, and Their Analogs"
541,['10.1289/ehp.1409177'],[],"Uses of NHANES biomarker data for chemical risk assessment: Trends, challenges and opportunities"
542,[],['No results'],"Relative contributions of agricultural drift, para-occupational, and residential use exposure pathways to house dust pesticide concentrations: meta-regression of published data"
543,['10.1016/j.envint.2014.08.008'],[],EPA's SHEDS-multimedia model: children's cumulative pyrethroid exposure estimates and evaluation against NHANES biomarker data
544,[],['No results'],"Metabolomic effects of CeO2, SiO2 and CuO metal oxide nanomaterials on HepG2 cells"
545,[],['No results'],Phototransformation-Induced Aggregation of Functionalized Single-Wall Carbon Nanotubes: the Importance of Amorphous Carbon
546,[],['No results'],ESandT SCREENING CHEMICALS FOR ESTROGEN RECEPTOR BIOACTIVITY USING A COMPUTATIONAL MODEL
547,['10.1016/j.ntt.2015.08.010'],[],Acute and Developmental Behavioral Effects of Flame Retardants and Related Chemicals in Zebrafish
548,['10.3109/1354750X.2015.1040841'],[],Understanding new “exploratory” biomarker data: a first look at observed concentrations and associated detection limits
549,[],['No results'],Prediction of in-vitro estrogen receptor activity using hierarchical clustering and nearest neighbor based methods
550,[],['No results'],"Journal TBD Systematic Identification of Environmental Chemicals that Enhance the Proliferative Phenotype of Triple negative, Inflammatory Breast Cancer Cells"
551,[],['No results'],Bioengineering stromal-epithelial interactions within organotypic models
552,[],['No results'],FOOD AND CHEMICAL TOXICOLOGY Evaluation of food-relevant chemicals in the ToxCast high-throughput screening program
553,[],['No results'],Soil Organic Matter Content Effects on Dermal Pesticide Bioconcentration in American Toads Anaxyrus Americanus
554,[],['No results'],Nature Nanotechnology Nanoengineered antimicrobial nanoparticles with environmentally benign cores infused by silver ions
555,['10.1080/15287394.2015.1091414'],[],"The Biomarkers of Exposure and Effect in Agriculture BEEA Study: Rationale, design, methods, and participant characteristics"
556,['10.1016/j.envint.2015.12.008'],[],Linking high resolution mass spectrometry data with exposure and toxicity forecasts to advance high-throughput environmental monitoring
557,[],['No results'],Green Chemistry A Probablistic Diagram to Guide Chemical Design with Reduced Potency to Incur Cytotoxicity
558,[],['No results'],The influence of control group reproduction on the statistical power of the Environmental Protection Agency’s medaka Extended One-Generation Reproduction Test MEOGRT
559,[],['No results'],TOXICOLOGICAL SCIENCES Tiered High-Throughput Screening Approach to Identify Thyroperoxidase Inhibitors within the ToxCast Phase I and II Chemical Libraries
560,[],['No results'],Connecting Toxicology and Chemistry to Ensure Safer Chemical Design
561,[],['No results'],Variation in bird-window collision mortality and scavenging rates within an urban landscape
562,[],['No results'],Biodesalination of Brackish Water Using Halophytic Algae
563,['10.1093/toxsci/kfv188'],[],Translational Biomarkers of Neurotoxicity: A Health and Environmental Sciences Institute Perspective on The Way Forward
564,['10.1093/toxsci/kfv196'],[],Dose addition models based on biologically-relevant reductions in fetal testosterone accurately predict postnatal reproductive tract alterations by a phthalate mixture in rats
565,[],['No results'],High-throughput exposure modeling and screening of chemicals in personal care products
566,['10.1016/j.envpol.2015.05.017'],[],Non-labile silver species in biosolids remain stable throughout 50 years of weathering and ageing.
567,[],['No results'],"Estimating Margin of Exposure to Thyroid Peroxidase Inhibitors Using High-throughput In Vitro Data, High-throughput Exposure Modeling, and Physiologically-Based Pharmacokinetic/Pharmacodynamic Modeling"
568,[],['No results'],News: Continuous chemical production processes
569,['10.1016/j.aquatox.2015.12.024'],[],Impaired anterior swim bladder inflation following exposure to the thyroid peroxidase inhibitor  2-Mercaptobenzothiazole  Part I: Fathead minnow
570,['10.1556/1846.2015.00015'],[],Efficient and more sustainable one-step continuous-flow multicomponent synthesis of chromene derivatives
571,['10.1021/acs.est.5b05311'],[],Completing the Link between Exposure Science and Toxicology for Improved Environmental Health Decision Making: The Aggregate Exposure Pathway Framework
572,[],['No results'],Brominated Flame Retardants in Human Milk and Serum from the US EPA MAMA Study: Modeled Predictions of Infant Exposures and Considerations for Risk Assessment
573,[],['No results'],ENVIRONMENTAL HEALTH PERSPECTIVES Systems Toxicology of Male Reproductive Development: Profiling 774 Chemicals for Molecular Targets and Adverse Outcomes
574,[],['No results'],Prediction of Chemical Functional Uses and Consumer Product Formulations
575,[],['No results'],Predicting fecundity of fathead minnows Pimephales promelas exposed toeEndocrine-disrupting chemicals using a MATLAB®-based model of oocyte growth dynamics
576,['10.1016/j.envint.2016.03.014'],[],Multi-pathway exposure modelling of chemicals in cosmetics with application to shampoo
577,[],['No results'],Aberrant expression of SIX1 in a developmental mouse model of hormonal carcinogenesis and in human endometrial cancer
578,['10.1016/j.neuro.2016.05.010'],[],Developing and applying the adverse outcome pathway concept for understanding and predicting neurotoxicity
579,[],['No results'],Crit. Rev. Tox. Comparison of rat and rabbit embryo-fetal developmental toxicity data for 379 pharmaceuticals: on the nature and severity of developmental effects
580,[],['No results'],"Integrating monitoring and molecular methods to infer PCB risks to Common and Roseate Terns nesting near the New Bedford Harbor Superfund site Massachusetts, USA."
581,['10.1016/j.cbpc.2016.02.002'],[],Computational Model of the Fathead Minnow Hypothalamic-Pituitary-Gonadal Axis: Incorporating Protein Synthesis in Improving Predictability of Responses to Endocrine Active Chemicals
582,[],['No results'],An Evidence-Based Appraisal of Metallic Nanomaterial Environmental Emissions
583,['10.1016/j.yrtph.2016.01.007'],[],Adverse Outcome Pathways: From Research to Regulation - Scientific Workshop Report
584,[],['No results'],Accelerating Adverse Outcome Pathway Development Using Publicly Available Data Sources
585,['10.1371/journal.pcbi.1004495'],[],Developing a Physiologically-Based Pharmacokinetic Model Knowledgebase in Support of Provisional Model Construction
586,[],['No results'],Fish Connectivity Mapping: Linking Chemical Stressors by Their MOA-Driven Transcriptomic Profiles
587,[],['No results'],Environmental implications and applications of engineered nanoscale magnetite and its hybrid nanocomposites: A review of recent literature
588,['10.1088/1752-7155/10/1/012001'],[],"High-Resolution Mass Spectrometry: Basic Principles for Using Exact Mass and Mass Defect for Discovery Analysis of Organic Molecules in Blood, Breath, Urine and Environmental Media"
589,[],['No results'],Integrated Decision Strategies for Skin Sensitization Hazard
590,['10.1016/j.neuro.2015.05.007'],[],A Multiplexed Assay for Determination of Neurotoxicant Effects on Spontaneous Network Activity and Viability from Microelectrode Arrays.
591,['10.1002/etc.3002'],[],Omics for aquatic ecotoxicology: Control of extraneous variability to enhance the analysis of environmental effects
592,['10.18632/oncotarget.4560'],[],Specificity Protein Sp Transcription Factors and Metformin Regulate Expression of the Long Non-coding RNA HULC
593,[],['No results'],Screening for chemical vascular disruptors in zebrafish to evaluate a predictive model for developmental vascular toxicity
594,['10.1016/j.compchemeng.2015.04.037'],[],Process synthesis involving multi-period operations by the P-graph framework
595,[],['No results'],Integrated Exposure Modeling for Persistent Bioaccumulative Toxicants PBTs in Riverine Systems Using Chloroparaffins as an Example
596,[],['No results'],Magnetically Separable Fe3O4@DOPA-Pd: A Heterogeneous Catalyst for Aqueous Heck Reaction
597,[],['No results'],Occupational Exposure to Pesticides and the Incidence of Lung Cancer in the Agricultural Health Study
598,['10.1002/etc.3164'],[],Aqueous and Tissue Residue-Based Interspecies Correlation Estimation Models Provide Conservative Hazard Estimates for Aromatic Compounds
599,[],['No results'],Crit. Rev. Tox. Comparing rat and rabbit embryo-fetal developmental toxicity studies for 379 pharmaceuticals: On systemic dose and developmental effects
600,[],['No results'],Adverse Outcome Pathway AOP Network Development for Fatty Liver: An Evolution of the Linear AOP Concept
601,[],['No results'],Evaluating Zebrafish Embryo Toxicity Testing for Pesticides
602,[],['No results'],Characterizing “Adversity” of Pathology Findings in Nonclinical Toxicity Studies: Results from the 4th ESTP International Expert Workshop
603,['10.1016/j.cbd.2016.01.001'],[],Metabolite profiles of repeatedly sampled urine from male fathead minnows Pimephales promelas contain unique lipid signatures following exposure to anti-androgens
604,[],['No results'],A framework to enhance life cycle assessment using advanced human exposure modeling and high-throughput tools
605,[],['No results'],Derivation and evaluation of putative adverse outcome pathways for the effects of cyclooxygenase inhibitors on reproductive processes in fish
606,[],['No results'],Envir. Health Perspect.   Using ToxCast data to reconstruct dynamic cell state trajectories and estimate toxicological points of departure
607,[],['No results'],"Chemical Research in Toxicology Current and future perspectives on the development, evaluation and application of in silico approaches for predicting toxicity"
608,[],['No results'],"Natural inorganic nanoparticles – formation, fate, and toxicity in the environment."
609,[],['No results'],Development of Algal Interspecies Correlation Estimation ICE Models for Chemical Hazard Assessment
610,[],['No results'],Nano CeO2 and TiO2: plant molecular and phenotype changes
611,[],['No results'],Biomaterials Human iPSC-Derived Endothelial Cell Sprouting Assay in Synthetic Hydrogel Arrays
612,['10.3109/00498254.2016.1149634'],[],"Optimization of a UDP-glucuronosyltransferase assay for trout liver S9 fractions: Activity enhancement by alamethicin, a pore-forming peptide"
613,[],['No results'],Computational modeling of dynamic alteration of plasma vitellogenin in response to aromatase CYP19 inhibition in fathead minnows
614,['10.1016/j.scitotenv.2016.02.190'],[],Anaerobic Toxicity of Cationic Silver Nanoparticles
615,[],['No results'],Chemical Research in Toxicology The ToxCast Chemical Landscape - Paving the Road to 21st Century Toxicology
616,[],['No results'],Contact Dermatitis  Does size matter for skin sensitisers Investigating whether MW>500 is a relevant consideration for skin sensitisation.
617,[],['No results'],"Breath Biomonitoring in National Security Assessment, Forensic THC Testing, Biomedical Technology and Quality Assurance Applications: Report from PittCon 2016"
618,[],['No results'],Mechanistic modeling of insecticide risks to breeding birds in North American agroecosystems
619,[],['No results'],Perfluoroalky acids-induced liver steatosis:  Effects on genes controlling lipid homeostasis
620,[],['No results'],Nanoparticle Optical Properties Confound Assays Commonly Employed for High Throughput / Content Toxicity Testing
621,[],['No results'],CERAPP: Collaborative Estrogen Receptor Activity Prediction Project
622,[],['No results'],Environmentally relevant mixing ratios in cumulative assessments: a study on the correlation of blood and brain concentrations of a mixture of pyrethroid insecticides to neurotoxicity in the rat
623,[],['No results'],Comparison of Human Induced PluripotentStem Cell-Derived Neurons and Rat Primary CorticalNeurons as In Vitro Models of Neurite Outgrowth
624,['10.1111/nmo.12776'],[],Search for the Missing lncs: Gene Regulatory Networks in Neural Crest Development and Long Non-coding RNA Biomarkers of Hirschsprung's Disease
625,['10.1016/j.aquatox.2015.12.023'],['Multiple results'],Impaired anterior swim bladder inflation following exposure to the thyroid peroxidase inhibitor 2-mercaptobenzothiazole - Part II: zebrafish
626,[],['No results'],Environmental surveillance and monitoring.  The next frontiers for high-throughput toxicology
627,[],['No results'],Development of the larval amphibian growth and development assay: Effects of chronic 4-tert-octylphenol or 17ß-trenbolone exposure from embryo to juvenile
628,[],['No results'],"U.S. Domestic Cats as Sentinels for Perfluoroalkyl Substances: Associations with Housing, Obesity and Chronic Disease"
629,['10.1016/j.ntt.2016.05.007'],[],Thyroid Hormone-Dependent Formation of a Subcortical Band Heterotopia SBH in the Neonatal Brain is not Exacerbated Under Conditions of Low Dietary Iron FeD
